id, treneris, treninaNosaukums, sportaVeids, grutibasPakape, muskuluGrupa, treninaDatums, treninaIlgums, treninaApraksts, brivoVietuSkaits
1,Dominik Sportiskais,GET SLIM IN 24H,CrossFit,viegli,Visas,05.05.2026,3 stundas,Zaudejiet lidz 10kg 24 stundu laika!,19
2,Autors: Janis Gailis,
Nosaukums: WALL CLIMBING FOR BEGINERS,
Sporta veids: Klinsu kapsana,
Grutibas veids: viegli,
Muskulu grupa: Rokas; mugura,
Trenina datums: 14.05.2026 09:00,
Trenina ilgums: 1h 30min,
Trenina apraksts: Neliels ieskats klinsu kapsana,
Brivo vietu skaits: 15
